Simulation_Run,Gen,Cand,Type,Value,Fit,deprioritized,E_rate_mean,E_rate_fitness,stdev,stdev_fitness,kurtosis,kurtosis_fitness,skewness,skew_fitness,fitness,E_ISI_mean,E_ISI_fitness,I_rate_mean,I_rate_fitness,I_ISI_mean,I_ISI_fitness,avg_IBI,Stdev,Skew,Kurtosis,mean,skew
240808_Run1_testing,gen_1,458,big_burst_fit,6788.598954624854,1000.0,True,,,,,,,,,,,,,,,,,,,,,
240808_Run1_testing,gen_1,453,big_burst_fit,3385.34287843392,1000.0,True,,,,,,,,,,,,,,,,,,,,,
240808_Run1_testing,gen_1,86,big_burst_fit,1846.4111380930992,1000.0,True,,,,,,,,,,,,,,,,,,,,,
240808_Run1_testing,gen_1,260,big_burst_fit,3603.67049232766,1000.0,True,,,,,,,,,,,,,,,,,,,,,
240808_Run1_testing,gen_1,0,big_burst_fit,4973.164279879944,1000.0,True,,,,,,,,,,,,,,,,,,,,,
240808_Run1_testing,gen_1,118,big_burst_fit,5008.054411378829,1000.0,True,,,,,,,,,,,,,,,,,,,,,
240808_Run1_testing,gen_1,124,big_burst_fit,2369.087675380396,1000.0,True,,,,,,,,,,,,,,,,,,,,,
240808_Run1_testing,gen_1,156,big_burst_fit,2962.512669077016,1000.0,True,,,,,,,,,,,,,,,,,,,,,
240808_Run1_testing,gen_1,448,big_burst_fit,2086.0169175449278,1000.0,True,,,,,,,,,,,,,,,,,,,,,
240808_Run1_testing,gen_1,378,big_burst_fit,2752.1840102787137,1000.0,True,,,,,,,,,,,,,,,,,,,,,
240808_Run1_testing,gen_1,333,big_burst_fit,2647.9419486901215,1000.0,True,,,,,,,,,,,,,,,,,,,,,
240808_Run1_testing,gen_1,437,big_burst_fit,2179.589595087804,1000.0,True,,,,,,,,,,,,,,,,,,,,,
240808_Run1_testing,gen_1,82,big_burst_fit,5037.929248499128,1000.0,True,,,,,,,,,,,,,,,,,,,,,
240808_Run1_testing,gen_1,454,big_burst_fit,3001.138064067044,1000.0,True,,,,,,,,,,,,,,,,,,,,,
240808_Run1_testing,gen_1,350,big_burst_fit,2912.3614161152877,1000.0,True,,,,,,,,,,,,,,,,,,,,,
240808_Run1_testing,gen_1,181,big_burst_fit,2783.3737869225697,1000.0,True,,,,,,,,,,,,,,,,,,,,,
240808_Run1_testing,gen_1,103,big_burst_fit,1479.424041134716,500.5001958657262,False,,,,,,,,,,,,,,,,,,,,,
240808_Run1_testing,gen_1,334,big_burst_fit,3240.9073464283033,1000.0,True,,,,,,,,,,,,,,,,,,,,,
240808_Run1_testing,gen_1,57,big_burst_fit,2770.7610526335457,1000.0,True,,,,,,,,,,,,,,,,,,,,,
240808_Run1_testing,gen_1,280,big_burst_fit,2746.8778729042892,1000.0,True,,,,,,,,,,,,,,,,,,,,,
240808_Run1_testing,gen_1,426,big_burst_fit,2135.3951366424185,1000.0,True,,,,,,,,,,,,,,,,,,,,,
240808_Run1_testing,gen_1,492,big_burst_fit,2913.393846431305,1000.0,True,,,,,,,,,,,,,,,,,,,,,
240808_Run1_testing,gen_1,59,big_burst_fit,2417.68503905262,1000.0,True,,,,,,,,,,,,,,,,,,,,,
240808_Run1_testing,gen_1,255,big_burst_fit,1938.3645362747327,1000.0,True,,,,,,,,,,,,,,,,,,,,,
240808_Run1_testing,gen_1,135,big_burst_fit,2435.773590638773,1000.0,True,,,,,,,,,,,,,,,,,,,,,
240808_Run1_testing,gen_1,305,big_burst_fit,5225.903960305016,1000.0,True,,,,,,,,,,,,,,,,,,,,,
240808_Run1_testing,gen_1,408,big_burst_fit,2831.1488852059015,1000.0,True,,,,,,,,,,,,,,,,,,,,,
240808_Run1_testing,gen_1,45,big_burst_fit,2411.782190724422,1000.0,True,,,,,,,,,,,,,,,,,,,,,
240808_Run1_testing,gen_1,208,big_burst_fit,2313.274730400884,1000.0,True,,,,,,,,,,,,,,,,,,,,,
240808_Run1_testing,gen_1,39,big_burst_fit,2125.411276441342,1000.0,True,,,,,,,,,,,,,,,,,,,,,
240808_Run1_testing,gen_1,19,big_burst_fit,1883.949066673675,500.5003810304257,False,,,,,,,,,,,,,,,,,,,,,
240808_Run1_testing,gen_1,343,big_burst_fit,1982.631466178941,1000.0,True,,,,,,,,,,,,,,,,,,,,,
240808_Run1_testing,gen_1,317,big_burst_fit,3197.5558892065246,1000.0,True,,,,,,,,,,,,,,,,,,,,,
240808_Run1_testing,gen_1,309,big_burst_fit,3417.707285937805,1000.0,True,,,,,,,,,,,,,,,,,,,,,
240808_Run1_testing,gen_1,326,big_burst_fit,4180.957144418658,1000.0,True,,,,,,,,,,,,,,,,,,,,,
240808_Run1_testing,gen_1,80,big_burst_fit,1985.2111910887584,1000.0,True,,,,,,,,,,,,,,,,,,,,,
240808_Run1_testing,gen_1,501,big_burst_fit,5446.4227002813195,1000.0,True,,,,,,,,,,,,,,,,,,,,,
240808_Run1_testing,gen_1,234,big_burst_fit,2007.418838746254,1000.0,True,,,,,,,,,,,,,,,,,,,,,
240808_Run1_testing,gen_1,314,big_burst_fit,2239.0401773306235,1000.0,True,,,,,,,,,,,,,,,,,,,,,
240808_Run1_testing,gen_1,62,big_burst_fit,2505.42939080077,1000.0,True,,,,,,,,,,,,,,,,,,,,,
240808_Run1_testing,gen_1,328,big_burst_fit,3602.353049387805,1000.0,True,,,,,,,,,,,,,,,,,,,,,
240808_Run1_testing,gen_1,190,big_burst_fit,1995.1511895785268,1000.0,False,,,,,,,,,,,,,,,,,,,,,
240808_Run1_testing,gen_1,257,big_burst_fit,2354.7928902802823,1000.0,True,,,,,,,,,,,,,,,,,,,,,
240808_Run1_testing,gen_1,302,big_burst_fit,2175.1745573729445,1000.0,True,,,,,,,,,,,,,,,,,,,,,
240808_Run1_testing,gen_1,187,big_burst_fit,2054.8750277988934,1000.0,True,,,,,,,,,,,,,,,,,,,,,
240808_Run1_testing,gen_1,90,big_burst_fit,5581.336178340803,1000.0,True,,,,,,,,,,,,,,,,,,,,,
240808_Run1_testing,gen_1,203,big_burst_fit,2487.8235851940194,1000.0,True,,,,,,,,,,,,,,,,,,,,,
240808_Run1_testing,gen_1,29,big_burst_fit,2911.376210020826,1000.0,True,,,,,,,,,,,,,,,,,,,,,
240808_Run1_testing,gen_1,456,big_burst_fit,2017.1109833046778,1000.0,True,,,,,,,,,,,,,,,,,,,,,
240808_Run1_testing,gen_1,267,big_burst_fit,1712.6174177514088,500.50013664434675,False,,,,,,,,,,,,,,,,,,,,,
240808_Run1_testing,gen_1,288,big_burst_fit,2639.0575645745835,1000.0,True,,,,,,,,,,,,,,,,,,,,,
240808_Run1_testing,gen_1,345,big_burst_fit,4882.51239958726,1000.0,True,,,,,,,,,,,,,,,,,,,,,
240808_Run1_testing,gen_1,243,big_burst_fit,5199.256090411916,1000.0,True,,,,,,,,,,,,,,,,,,,,,
240808_Run1_testing,gen_1,301,big_burst_fit,2742.5167278450235,1000.0,False,,,,,,,,,,,,,,,,,,,,,
240808_Run1_testing,gen_1,108,big_burst_fit,2897.274771844535,1000.0,True,,,,,,,,,,,,,,,,,,,,,
240808_Run1_testing,gen_3,463,big_burst_fit,4961.15085629823,1000.0,True,,,,,,,,,,,,,,,,,,,,,
240808_Run1_testing,gen_3,167,big_burst_fit,3009.04767527595,1000.0,True,,,,,,,,,,,,,,,,,,,,,
240808_Run1_testing,gen_3,67,big_burst_fit,1945.5178469896107,1000.0,True,,,,,,,,,,,,,,,,,,,,,
240808_Run1_testing,gen_3,311,big_burst_fit,3154.079096875051,1000.0,True,,,,,,,,,,,,,,,,,,,,,
240808_Run1_testing,gen_3,298,big_burst_fit,5136.459914682643,1000.0,True,,,,,,,,,,,,,,,,,,,,,
240808_Run1_testing,gen_3,110,big_burst_fit,1364.0284666200844,1000.0,True,,,,,,,,,,,,,,,,,,,,,
240808_Run1_testing,gen_3,24,big_burst_fit,2529.213603504388,1000.0,False,,,,,,,,,,,,,,,,,,,,,
240808_Run1_testing,gen_3,443,big_burst_fit,4960.687386243126,1000.0,True,,,,,,,,,,,,,,,,,,,,,
240808_Run1_testing,gen_3,171,big_burst_fit,2138.5873436964002,1000.0,False,,,,,,,,,,,,,,,,,,,,,
240808_Run1_testing,gen_3,133,big_burst_fit,2166.766687878395,1000.0,True,,,,,,,,,,,,,,,,,,,,,
240808_Run1_testing,gen_3,332,big_burst_fit,2146.3279145481565,1000.0,True,,,,,,,,,,,,,,,,,,,,,
240808_Run1_testing,gen_3,64,big_burst_fit,3340.0838460193017,1000.0,True,,,,,,,,,,,,,,,,,,,,,
240808_Run1_testing,gen_3,425,big_burst_fit,3878.7991235135732,1000.0,True,,,,,,,,,,,,,,,,,,,,,
240808_Run1_testing,gen_3,336,big_burst_fit,1698.2948287600573,500.50011622012835,False,,,,,,,,,,,,,,,,,,,,,
240808_Run1_testing,gen_3,410,big_burst_fit,2244.2498181990027,1000.0,True,,,,,,,,,,,,,,,,,,,,,
240808_Run1_testing,gen_3,457,big_burst_fit,1959.5156754935472,1000.0,True,,,,,,,,,,,,,,,,,,,,,
240808_Run1_testing,gen_3,14,big_burst_fit,2753.1479360392977,1000.0,True,,,,,,,,,,,,,,,,,,,,,
240808_Run1_testing,gen_3,73,big_burst_fit,2848.5964569926173,1000.0,True,,,,,,,,,,,,,,,,,,,,,
240808_Run1_testing,gen_3,275,big_burst_fit,2149.7374592716387,1000.0,True,,,,,,,,,,,,,,,,,,,,,
240808_Run1_testing,gen_3,465,big_burst_fit,2532.477510756613,1000.0,True,,,,,,,,,,,,,,,,,,,,,
240808_Run1_testing,gen_3,226,big_burst_fit,1945.08593516272,1000.0,True,,,,,,,,,,,,,,,,,,,,,
240808_Run1_testing,gen_3,131,big_burst_fit,1872.0973853860369,1000.0,True,,,,,,,,,,,,,,,,,,,,,
240808_Run1_testing,gen_3,124,big_burst_fit,2337.786345924001,1000.0,False,,,,,,,,,,,,,,,,,,,,,
240808_Run1_testing,gen_3,491,big_burst_fit,2840.3036721228295,1000.0,True,,,,,,,,,,,,,,,,,,,,,
240808_Run1_testing,gen_3,32,big_burst_fit,2071.005251801155,1000.0,True,,,,,,,,,,,,,,,,,,,,,
240808_Run1_testing,gen_3,169,big_burst_fit,6753.7096632681505,1000.0,True,,,,,,,,,,,,,,,,,,,,,
240808_Run1_testing,gen_3,247,big_burst_fit,4868.135436574035,1000.0,True,,,,,,,,,,,,,,,,,,,,,
240808_Run1_testing,gen_3,112,big_burst_fit,1963.2252537787012,1000.0,False,,,,,,,,,,,,,,,,,,,,,
240808_Run1_testing,gen_3,301,big_burst_fit,2426.7141004051987,1000.0,True,,,,,,,,,,,,,,,,,,,,,
240808_Run1_testing,gen_3,79,big_burst_fit,2271.281586668193,1000.0,True,,,,,,,,,,,,,,,,,,,,,
240808_Run1_testing,gen_3,96,big_burst_fit,1737.4145535610346,1000.0,True,,,,,,,,,,,,,,,,,,,,,
240808_Run1_testing,gen_3,338,big_burst_fit,6997.581584996092,1000.0,True,,,,,,,,,,,,,,,,,,,,,
240808_Run1_testing,gen_3,308,big_burst_fit,1965.4057565577252,1000.0,False,,,,,,,,,,,,,,,,,,,,,
240808_Run1_testing,gen_3,43,big_burst_fit,2387.5070720198783,1000.0,True,,,,,,,,,,,,,,,,,,,,,
240808_Run1_testing,gen_3,213,big_burst_fit,1853.4651020127596,500.50033753961327,False,,,,,,,,,,,,,,,,,,,,,
240808_Run1_testing,gen_3,304,big_burst_fit,2285.657174785982,1000.0,True,,,,,,,,,,,,,,,,,,,,,
240808_Run1_testing,gen_3,139,big_burst_fit,8228.77948233625,1000.0,True,,,,,,,,,,,,,,,,,,,,,
240808_Run1_testing,gen_3,66,big_burst_fit,2396.7358919934213,1000.0,True,,,,,,,,,,,,,,,,,,,,,
240808_Run1_testing,gen_3,446,big_burst_fit,3871.382383398103,1000.0,True,,,,,,,,,,,,,,,,,,,,,
240808_Run1_testing,gen_3,60,big_burst_fit,1956.9781333992435,1000.0,False,,,,,,,,,,,,,,,,,,,,,
240808_Run1_testing,gen_3,320,big_burst_fit,2552.110788600038,1000.0,True,,,,,,,,,,,,,,,,,,,,,
240808_Run1_testing,gen_3,361,big_burst_fit,5034.244942494321,1000.0,True,,,,,,,,,,,,,,,,,,,,,
240808_Run1_testing,gen_3,186,big_burst_fit,5856.33255845876,1000.0,True,,,,,,,,,,,,,,,,,,,,,
240808_Run1_testing,gen_3,21,big_burst_fit,4801.422870214433,1000.0,True,,,,,,,,,,,,,,,,,,,,,
240808_Run1_testing,gen_3,260,big_burst_fit,3049.780027359734,1000.0,True,,,,,,,,,,,,,,,,,,,,,
240808_Run1_testing,gen_3,456,big_burst_fit,3449.8973763032645,1000.0,True,,,,,,,,,,,,,,,,,,,,,
240808_Run1_testing,gen_3,464,big_burst_fit,2106.5069193356794,1000.0,False,,,,,,,,,,,,,,,,,,,,,
240808_Run1_testing,gen_3,383,big_burst_fit,3109.7724270568438,1000.0,True,,,,,,,,,,,,,,,,,,,,,
240808_Run1_testing,gen_3,234,big_burst_fit,3416.7942968923708,1000.0,True,,,,,,,,,,,,,,,,,,,,,
240808_Run1_testing,gen_3,27,big_burst_fit,2516.7045264205713,1000.0,True,,,,,,,,,,,,,,,,,,,,,
240808_Run1_testing,gen_3,403,big_burst_fit,6514.941637157914,1000.0,True,,,,,,,,,,,,,,,,,,,,,
240808_Run1_testing,gen_3,256,big_burst_fit,1293.0128998539365,500.50046179827336,False,,,,,,,,,,,,,,,,,,,,,
240808_Run1_testing,gen_3,95,big_burst_fit,5607.0755471078855,1000.0,True,,,,,,,,,,,,,,,,,,,,,
240808_Run1_testing,gen_3,396,big_burst_fit,2515.4947144437165,1000.0,True,,,,,,,,,,,,,,,,,,,,,
240808_Run1_testing,gen_3,346,big_burst_fit,3145.8361462680073,1000.0,True,,,,,,,,,,,,,,,,,,,,,
240808_Run1_testing,gen_3,140,big_burst_fit,5404.512935257847,1000.0,True,,,,,,,,,,,,,,,,,,,,,
240808_Run1_testing,gen_3,35,big_burst_fit,2034.538926536469,1000.0,True,,,,,,,,,,,,,,,,,,,,,
240808_Run1_testing,gen_3,395,big_burst_fit,1965.259914219816,1000.0,True,,,,,,,,,,,,,,,,,,,,,
240808_Run1_testing,gen_3,174,big_burst_fit,1460.3916461457882,500.5002230107003,False,,,,,,,,,,,,,,,,,,,,,
240808_Run1_testing,gen_3,205,big_burst_fit,2368.2777952496776,1000.0,True,,,,,,,,,,,,,,,,,,,,,
240808_Run1_testing,gen_3,119,big_burst_fit,3250.3289583267187,1000.0,True,,,,,,,,,,,,,,,,,,,,,
240808_Run1_testing,gen_3,192,big_burst_fit,2073.880200873085,1000.0,False,,,,,,,,,,,,,,,,,,,,,
240808_Run1_testing,gen_3,386,big_burst_fit,2281.6523769346954,1000.0,False,,,,,,,,,,,,,,,,,,,,,
240808_Run1_testing,gen_3,69,big_burst_fit,2674.679895823392,1000.0,True,,,,,,,,,,,,,,,,,,,,,
240808_Run1_testing,gen_3,244,big_burst_fit,2978.177569187723,1000.0,True,,,,,,,,,,,,,,,,,,,,,
240808_Run1_testing,gen_3,270,big_burst_fit,2165.017341426882,1000.0,True,,,,,,,,,,,,,,,,,,,,,
240808_Run1_testing,gen_3,352,big_burst_fit,10969.872759466101,1000.0,True,,,,,,,,,,,,,,,,,,,,,
240808_Run1_testing,gen_3,4,big_burst_fit,2624.9976785349627,1000.0,True,,,,,,,,,,,,,,,,,,,,,
240808_Run1_testing,gen_3,488,big_burst_fit,1752.4868765142298,1000.0,True,,,,,,,,,,,,,,,,,,,,,
240808_Run1_testing,gen_3,373,big_burst_fit,2791.6374015758756,1000.0,True,,,,,,,,,,,,,,,,,,,,,
240808_Run1_testing,gen_3,307,big_burst_fit,2663.3067104672286,1000.0,True,,,,,,,,,,,,,,,,,,,,,
240808_Run1_testing,gen_3,231,big_burst_fit,2397.856187811788,1000.0,True,,,,,,,,,,,,,,,,,,,,,
240808_Run1_testing,gen_3,293,big_burst_fit,4539.27046486722,1000.0,True,,,,,,,,,,,,,,,,,,,,,
240808_Run1_testing,gen_3,261,big_burst_fit,1507.5628331564803,500.5001557354422,False,,,,,,,,,,,,,,,,,,,,,
240808_Run1_testing,gen_3,37,big_burst_fit,1815.411209307086,1000.0,True,,,,,,,,,,,,,,,,,,,,,
240808_Run1_testing,gen_3,506,big_burst_fit,1585.7004085473386,1000.0,True,,,,,,,,,,,,,,,,,,,,,
240808_Run1_testing,gen_3,63,big_burst_fit,2513.554343995694,1000.0,True,,,,,,,,,,,,,,,,,,,,,
240808_Run1_testing,gen_4,200,big_burst_fit,2156.829149674921,1000.0,True,,,,,,,,,,,,,,,,,,,,,
240808_Run1_testing,gen_4,50,big_burst_fit,2569.7601975169355,1000.0,True,,,,,,,,,,,,,,,,,,,,,
240808_Run1_testing,gen_4,208,big_burst_fit,2781.3104807961536,1000.0,True,,,,,,,,,,,,,,,,,,,,,
240808_Run1_testing,gen_4,250,big_burst_fit,4094.791938598547,1000.0,True,,,,,,,,,,,,,,,,,,,,,
240808_Run1_testing,gen_4,380,big_burst_fit,3207.637949274639,1000.0,True,,,,,,,,,,,,,,,,,,,,,
240808_Run1_testing,gen_4,339,big_burst_fit,1946.1088948320196,1000.0,True,,,,,,,,,,,,,,,,,,,,,
240808_Run1_testing,gen_4,493,big_burst_fit,3895.7586248787766,1000.0,True,,,,,,,,,,,,,,,,,,,,,
240808_Run1_testing,gen_4,504,big_burst_fit,7189.753871426039,1000.0,True,,,,,,,,,,,,,,,,,,,,,
240808_Run1_testing,gen_4,241,big_burst_fit,2194.8598912861953,1000.0,True,,,,,,,,,,,,,,,,,,,,,
240808_Run1_testing,gen_4,460,big_burst_fit,1729.4612757895145,1000.0,True,,,,,,,,,,,,,,,,,,,,,
240808_Run1_testing,gen_4,174,big_burst_fit,2485.5779685934262,1000.0,False,,,,,,,,,,,,,,,,,,,,,
240808_Run1_testing,gen_4,125,big_burst_fit,8117.972198310833,1000.0,True,,,,,,,,,,,,,,,,,,,,,
240808_Run1_testing,gen_4,240,big_burst_fit,4870.6492245257305,1000.0,True,,,,,,,,,,,,,,,,,,,,,
240808_Run1_testing,gen_4,163,big_burst_fit,1868.470837824713,500.50035894749925,False,,,,,,,,,,,,,,,,,,,,,
240808_Run1_testing,gen_4,364,big_burst_fit,2594.7522072682013,1000.0,True,,,,,,,,,,,,,,,,,,,,,
240808_Run1_testing,gen_4,490,big_burst_fit,1836.820031312703,1000.0,True,,,,,,,,,,,,,,,,,,,,,
240808_Run1_testing,gen_4,96,big_burst_fit,2327.3978903266434,1000.0,True,,,,,,,,,,,,,,,,,,,,,
240808_Run1_testing,gen_4,473,big_burst_fit,7885.914462274696,1000.0,True,,,,,,,,,,,,,,,,,,,,,
240808_Run1_testing,gen_4,310,big_burst_fit,1910.3606281194648,500.5004187142851,False,,,,,,,,,,,,,,,,,,,,,
240808_Run1_testing,gen_4,315,big_burst_fit,2428.5950981652713,1000.0,True,,,,,,,,,,,,,,,,,,,,,
240808_Run1_testing,gen_4,172,big_burst_fit,2771.374392087367,1000.0,True,,,,,,,,,,,,,,,,,,,,,
240808_Run1_testing,gen_4,175,big_burst_fit,3099.7056562128073,1000.0,True,,,,,,,,,,,,,,,,,,,,,
240808_Run1_testing,gen_4,455,big_burst_fit,3929.0652031618274,1000.0,True,,,,,,,,,,,,,,,,,,,,,
240808_Run1_testing,gen_4,248,big_burst_fit,7567.266055779589,1000.0,True,,,,,,,,,,,,,,,,,,,,,
240808_Run1_testing,gen_4,22,big_burst_fit,2883.6427307590297,1000.0,True,,,,,,,,,,,,,,,,,,,,,
240808_Run1_testing,gen_4,377,big_burst_fit,2071.121007358992,1000.0,True,,,,,,,,,,,,,,,,,,,,,
240808_Run1_testing,gen_4,290,big_burst_fit,5880.38416565255,1000.0,True,,,,,,,,,,,,,,,,,,,,,
240808_Run1_testing,gen_4,265,big_burst_fit,5869.701876810232,1000.0,True,,,,,,,,,,,,,,,,,,,,,
240808_Run1_testing,gen_4,31,big_burst_fit,3673.346228604158,1000.0,True,,,,,,,,,,,,,,,,,,,,,
240808_Run1_testing,gen_4,113,big_burst_fit,6406.882311393694,1000.0,True,,,,,,,,,,,,,,,,,,,,,
240808_Run1_testing,gen_4,223,big_burst_fit,1488.578527527082,500.50018280965463,False,,,,,,,,,,,,,,,,,,,,,
240808_Run1_testing,gen_4,182,big_burst_fit,3083.1209366235535,1000.0,True,,,,,,,,,,,,,,,,,,,,,
240808_Run1_testing,gen_4,26,big_burst_fit,1949.8722242577642,500.5004750944951,False,,,,,,,,,,,,,,,,,,,,,
240808_Run1_testing,gen_4,376,big_burst_fit,1701.8213680241106,500.5001212489468,False,,,,,,,,,,,,,,,,,,,,,
240808_Run1_testing,gen_4,213,big_burst_fit,2012.4562621859366,1000.0,False,,,,,,,,,,,,,,,,,,,,,
240808_Run1_testing,gen_4,411,big_burst_fit,3102.4376380465865,1000.0,True,,,,,,,,,,,,,,,,,,,,,
240808_Run1_testing,gen_4,131,big_burst_fit,2982.995060797798,1000.0,True,,,,,,,,,,,,,,,,,,,,,
240808_Run1_testing,gen_4,30,big_burst_fit,5137.155196366011,1000.0,True,,,,,,,,,,,,,,,,,,,,,
240808_Run1_testing,gen_4,466,big_burst_fit,4278.909695012339,1000.0,True,,,,,,,,,,,,,,,,,,,,,
240808_Run1_testing,gen_4,294,big_burst_fit,3595.6856144477692,1000.0,True,,,,,,,,,,,,,,,,,,,,,
240808_Run1_testing,gen_4,404,big_burst_fit,2559.647612023139,1000.0,True,,,,,,,,,,,,,,,,,,,,,
240808_Run1_testing,gen_4,358,big_burst_fit,2208.927257357758,1000.0,True,,,,,,,,,,,,,,,,,,,,,
240808_Run1_testing,gen_4,421,big_burst_fit,2256.0158444046624,1000.0,True,,,,,,,,,,,,,,,,,,,,,
240808_Run1_testing,gen_4,498,big_burst_fit,2701.2960487438795,1000.0,True,,,,,,,,,,,,,,,,,,,,,
240808_Run1_testing,gen_4,436,big_burst_fit,3099.5912997711525,1000.0,True,,,,,,,,,,,,,,,,,,,,,
240808_Run1_testing,gen_4,387,big_burst_fit,3426.9131239344765,1000.0,True,,,,,,,,,,,,,,,,,,,,,
240808_Run1_testing,gen_4,2,big_burst_fit,4689.8743161992525,1000.0,True,,,,,,,,,,,,,,,,,,,,,
240808_Run1_testing,gen_4,313,big_burst_fit,2469.729870994328,1000.0,True,,,,,,,,,,,,,,,,,,,,,
240808_Run1_testing,gen_4,211,big_burst_fit,4680.09570186376,1000.0,True,,,,,,,,,,,,,,,,,,,,,
240808_Run1_testing,gen_4,318,big_burst_fit,2355.3612431376887,1000.0,True,,,,,,,,,,,,,,,,,,,,,
240808_Run1_testing,gen_4,420,big_burst_fit,1628.0826733199722,500.50001610864825,False,,,,,,,,,,,,,,,,,,,,,
240808_Run1_testing,gen_4,297,big_burst_fit,4386.130424083265,1000.0,True,,,,,,,,,,,,,,,,,,,,,
240808_Run1_testing,gen_4,83,big_burst_fit,2055.3021317309463,1000.0,True,,,,,,,,,,,,,,,,,,,,,
240808_Run1_testing,gen_4,16,big_burst_fit,2732.608602627123,1000.0,True,,,,,,,,,,,,,,,,,,,,,
240808_Run1_testing,gen_4,12,big_burst_fit,1911.4855567837826,1000.0,True,,,,,,,,,,,,,,,,,,,,,
240808_Run1_testing,gen_4,0,big_burst_fit,1306.9973498130132,1000.0,True,,,,,,,,,,,,,,,,,,,,,
240808_Run1_testing,gen_4,229,big_burst_fit,3028.456071900737,1000.0,True,,,,,,,,,,,,,,,,,,,,,
240808_Run1_testing,gen_4,247,big_burst_fit,1605.632332191698,500.5000158982808,False,,,,,,,,,,,,,,,,,,,,,
240808_Run1_testing,gen_4,226,big_burst_fit,3139.878412441545,1000.0,True,,,,,,,,,,,,,,,,,,,,,
240808_Run1_testing,gen_4,49,big_burst_fit,2312.7854644581216,1000.0,True,,,,,,,,,,,,,,,,,,,,,
240808_Run1_testing,gen_4,378,big_burst_fit,2258.1335202883406,1000.0,True,,,,,,,,,,,,,,,,,,,,,
240808_Run1_testing,gen_4,139,big_burst_fit,1666.261917547742,500.50007054375385,False,,,,,,,,,,,,,,,,,,,,,
240808_Run1_testing,gen_4,263,big_burst_fit,5690.538581956054,1000.0,True,,,,,,,,,,,,,,,,,,,,,
240808_Run1_testing,gen_4,489,big_burst_fit,2895.361167784552,1000.0,True,,,,,,,,,,,,,,,,,,,,,
240808_Run1_testing,gen_4,34,big_burst_fit,5548.412426235161,1000.0,True,,,,,,,,,,,,,,,,,,,,,
240808_Run1_testing,gen_4,305,big_burst_fit,1714.2218258487942,1000.0,True,,,,,,,,,,,,,,,,,,,,,
240808_Run1_testing,gen_4,317,big_burst_fit,7021.784176875456,1000.0,True,,,,,,,,,,,,,,,,,,,,,
240808_Run1_testing,gen_4,128,big_burst_fit,1553.3192701926946,500.50009048653675,False,,,,,,,,,,,,,,,,,,,,,
240808_Run1_testing,gen_4,266,big_burst_fit,6563.279114312209,1000.0,True,,,,,,,,,,,,,,,,,,,,,
240808_Run1_testing,gen_4,255,big_burst_fit,1450.214107041784,500.50023752703106,False,,,,,,,,,,,,,,,,,,,,,
240808_Run1_testing,gen_4,330,big_burst_fit,2768.7967958797212,1000.0,True,,,,,,,,,,,,,,,,,,,,,
240808_Run1_testing,gen_4,333,big_burst_fit,2078.578532302354,1000.0,False,,,,,,,,,,,,,,,,,,,,,
240808_Run1_testing,gen_4,180,big_burst_fit,5180.851462529975,1000.0,True,,,,,,,,,,,,,,,,,,,,,
240808_Run1_testing,gen_6,83,big_burst_fit,1617.3118240585957,500.50000075288585,False,,,,,,,,,,,,,,,,,,,,,
240808_Run1_testing,gen_6,62,big_burst_fit,2275.8904816736804,1000.0,False,,,,,,,,,,,,,,,,,,,,,
240808_Run1_testing,gen_6,3,big_burst_fit,4267.616169551956,1000.0,True,,,,,,,,,,,,,,,,,,,,,
240808_Run1_testing,gen_6,250,big_burst_fit,1561.5315644662105,500.50007877666553,False,,,,,,,,,,,,,,,,,,,,,
240808_Run1_testing,gen_6,223,big_burst_fit,1545.4588751054139,500.50010169489343,False,,,,,,,,,,,,,,,,,,,,,
240808_Run1_testing,gen_6,13,big_burst_fit,2258.4328294499323,1000.0,True,,,,,,,,,,,,,,,,,,,,,
240808_Run1_testing,gen_6,190,big_burst_fit,4532.269750998071,1000.0,True,,,,,,,,,,,,,,,,,,,,,
240808_Run1_testing,gen_6,279,big_burst_fit,2892.145225145208,1000.0,True,,,,,,,,,,,,,,,,,,,,,
240808_Run1_testing,gen_6,0,big_burst_fit,1872.357087811392,1000.0,True,,,,,,,,,,,,,,,,,,,,,
240808_Run1_testing,gen_6,164,big_burst_fit,1894.0421565345425,500.5003954308515,False,,,,,,,,,,,,,,,,,,,,,
240808_Run1_testing,gen_6,111,big_burst_fit,2628.870907844883,1000.0,True,,,,,,,,,,,,,,,,,,,,,
240808_Run1_testing,gen_6,4,big_burst_fit,1415.0867169162757,500.50028763283217,False,,,,,,,,,,,,,,,,,,,,,
240808_Run1_testing,gen_6,67,big_burst_fit,2806.672447202401,1000.0,True,,,,,,,,,,,,,,,,,,,,,
240808_Run1_testing,gen_6,292,big_burst_fit,2238.9230381979855,1000.0,True,,,,,,,,,,,,,,,,,,,,,
240808_Run1_testing,gen_6,148,big_burst_fit,6417.11214285208,1000.0,True,,,,,,,,,,,,,,,,,,,,,
240808_Run1_testing,gen_6,173,big_burst_fit,2689.8483689698,1000.0,True,,,,,,,,,,,,,,,,,,,,,
240808_Run1_testing,gen_6,245,big_burst_fit,2695.3801769962984,1000.0,True,,,,,,,,,,,,,,,,,,,,,
240808_Run1_testing,gen_6,32,big_burst_fit,4226.885285988991,1000.0,True,,,,,,,,,,,,,,,,,,,,,
240808_Run1_testing,gen_6,60,big_burst_fit,2488.375585882091,1000.0,True,,,,,,,,,,,,,,,,,,,,,
240808_Run1_testing,gen_6,176,big_burst_fit,3352.0260177140663,1000.0,True,,,,,,,,,,,,,,,,,,,,,
240808_Run1_testing,gen_6,220,big_burst_fit,3047.790658126021,1000.0,True,,,,,,,,,,,,,,,,,,,,,
240808_Run1_testing,gen_6,128,big_burst_fit,2430.549952114286,1000.0,True,,,,,,,,,,,,,,,,,,,,,
240808_Run1_testing,gen_6,56,big_burst_fit,2063.3152859615743,1000.0,False,,,,,,,,,,,,,,,,,,,,,
240808_Run1_testing,gen_6,70,big_burst_fit,1504.8420834136143,1000.0,True,,,,,,,,,,,,,,,,,,,,,
240808_Run1_testing,gen_6,115,big_burst_fit,2283.2754122698575,1000.0,True,,,,,,,,,,,,,,,,,,,,,
240808_Run1_testing,gen_6,34,big_burst_fit,2620.9959956137373,1000.0,True,,,,,,,,,,,,,,,,,,,,,
240808_Run1_testing,gen_6,106,big_burst_fit,1915.2032482654445,500.5004256240147,False,,,,,,,,,,,,,,,,,,,,,
240808_Run1_testing,gen_6,124,big_burst_fit,2405.5810777252054,1000.0,False,,,,,,,,,,,,,,,,,,,,,
240808_Run1_testing,gen_6,41,big_burst_fit,5897.398167695252,1000.0,True,,,,,,,,,,,,,,,,,,,,,
240808_Run1_testing,gen_6,248,big_burst_fit,2141.005321474689,1000.0,False,,,,,,,,,,,,,,,,,,,,,
240808_Run1_testing,gen_6,123,big_burst_fit,1381.0636060173458,500.50033616827113,False,,,,,,,,,,,,,,,,,,,,,
240808_Run1_testing,gen_6,117,big_burst_fit,2254.0472210672683,1000.0,True,,,,,,,,,,,,,,,,,,,,,
240808_Run1_testing,gen_6,133,big_burst_fit,2051.8206861594567,1000.0,True,,,,,,,,,,,,,,,,,,,,,
240808_Run1_testing,gen_6,87,big_burst_fit,2411.2274906682283,1000.0,True,,,,,,,,,,,,,,,,,,,,,
240808_Run1_testing,gen_6,65,big_burst_fit,3890.1981246242326,1000.0,True,,,,,,,,,,,,,,,,,,,,,
240808_Run1_testing,gen_6,140,big_burst_fit,1556.3012465140846,500.50008623451924,False,,,,,,,,,,,,,,,,,,,,,
240808_Run1_testing,gen_6,208,big_burst_fit,2366.933344504771,1000.0,True,,,,,,,,,,,,,,,,,,,,,
240808_Run1_testing,gen_6,272,big_burst_fit,1629.1468050257845,500.50001762578296,False,,,,,,,,,,,,,,,,,,,,,
240808_Run1_testing,gen_6,276,big_burst_fit,6334.273397473437,1000.0,True,,,,,,,,,,,,,,,,,,,,,
240808_Run1_testing,gen_6,205,big_burst_fit,1959.2224243025855,1000.0,True,,,,,,,,,,,,,,,,,,,,,
240808_Run1_testing,gen_6,257,big_burst_fit,2124.3218288892112,1000.0,True,,,,,,,,,,,,,,,,,,,,,
240808_Run1_testing,gen_6,147,big_burst_fit,1806.518703484249,500.50027056959595,False,,,,,,,,,,,,,,,,,,,,,
240808_Run1_testing,gen_0,266,big_burst_fit,1658.2487122827438,500.5000591182151,False,,,,,,,,,,,,,,,,,,,,,
240808_Run1_testing,gen_0,137,big_burst_fit,3450.0854180708975,1000.0,True,,,,,,,,,,,,,,,,,,,,,
240808_Run1_testing,gen_0,91,big_burst_fit,2331.0634728797627,1000.0,True,,,,,,,,,,,,,,,,,,,,,
240808_Run1_testing,gen_0,322,big_burst_fit,2192.5979543151184,1000.0,False,,,,,,,,,,,,,,,,,,,,,
240808_Run1_testing,gen_0,402,big_burst_fit,2771.073799081512,1000.0,True,,,,,,,,,,,,,,,,,,,,,
240808_Run1_testing,gen_0,400,big_burst_fit,3903.288569704076,1000.0,True,,,,,,,,,,,,,,,,,,,,,
240808_Run1_testing,gen_0,80,big_burst_fit,3783.796848444814,1000.0,True,,,,,,,,,,,,,,,,,,,,,
240808_Run1_testing,gen_0,403,big_burst_fit,1838.7295109440947,500.50031651801976,False,,,,,,,,,,,,,,,,,,,,,
240808_Run1_testing,gen_0,89,big_burst_fit,2297.531281414485,1000.0,True,,,,,,,,,,,,,,,,,,,,,
240808_Run1_testing,gen_0,166,big_burst_fit,2474.988118368608,1000.0,True,,,,,,,,,,,,,,,,,,,,,
240808_Run1_testing,gen_0,489,big_burst_fit,3517.8294669617762,1000.0,True,,,,,,,,,,,,,,,,,,,,,
240808_Run1_testing,gen_0,293,big_burst_fit,1976.3402771554572,1000.0,True,,,,,,,,,,,,,,,,,,,,,
240808_Run1_testing,gen_0,136,big_burst_fit,5140.618518955851,1000.0,True,,,,,,,,,,,,,,,,,,,,,
240808_Run1_testing,gen_0,132,big_burst_fit,1634.9880899365064,500.5000259537966,False,,,,,,,,,,,,,,,,,,,,,
240808_Run1_testing,gen_0,366,big_burst_fit,3558.289259248378,1000.0,True,,,,,,,,,,,,,,,,,,,,,
240808_Run1_testing,gen_0,19,big_burst_fit,2954.5707775159744,1000.0,True,,,,,,,,,,,,,,,,,,,,,
240808_Run1_testing,gen_0,325,big_burst_fit,2271.7364447439436,1000.0,True,,,,,,,,,,,,,,,,,,,,,
240808_Run1_testing,gen_0,432,big_burst_fit,1665.4081958052461,500.5000693264719,False,,,,,,,,,,,,,,,,,,,,,
240808_Run1_testing,gen_0,324,big_burst_fit,5777.702570773361,1000.0,True,,,,,,,,,,,,,,,,,,,,,
240808_Run1_testing,gen_0,462,big_burst_fit,1971.7108299805755,1000.0,True,,,,,,,,,,,,,,,,,,,,,
240808_Run1_testing,gen_0,52,big_burst_fit,3575.7000190361637,1000.0,True,,,,,,,,,,,,,,,,,,,,,
240808_Run1_testing,gen_0,388,big_burst_fit,2826.742241269197,1000.0,True,,,,,,,,,,,,,,,,,,,,,
240808_Run1_testing,gen_0,18,big_burst_fit,3687.275482863494,1000.0,True,,,,,,,,,,,,,,,,,,,,,
240808_Run1_testing,gen_0,46,big_burst_fit,4333.460198346728,1000.0,True,,,,,,,,,,,,,,,,,,,,,
240808_Run1_testing,gen_0,20,big_burst_fit,3027.6494070221884,1000.0,True,,,,,,,,,,,,,,,,,,,,,
240808_Run1_testing,gen_0,211,big_burst_fit,2070.675627229553,1000.0,True,,,,,,,,,,,,,,,,,,,,,
240808_Run1_testing,gen_0,479,big_burst_fit,2439.51185989407,1000.0,True,,,,,,,,,,,,,,,,,,,,,
240808_Run1_testing,gen_0,431,big_burst_fit,4745.183481583127,1000.0,True,,,,,,,,,,,,,,,,,,,,,
240808_Run1_testing,gen_0,0,big_burst_fit,3419.7589891135713,1000.0,True,,,,,,,,,,,,,,,,,,,,,
240808_Run1_testing,gen_0,254,big_burst_fit,2036.8848960341677,1000.0,True,,,,,,,,,,,,,,,,,,,,,
240808_Run1_testing,gen_0,348,big_burst_fit,2113.3157916159334,1000.0,True,,,,,,,,,,,,,,,,,,,,,
240808_Run1_testing,gen_0,86,big_burst_fit,4565.139735143757,1000.0,True,,,,,,,,,,,,,,,,,,,,,
240808_Run1_testing,gen_0,486,big_burst_fit,2521.856961638965,1000.0,True,,,,,,,,,,,,,,,,,,,,,
240808_Run1_testing,gen_0,369,big_burst_fit,1501.4530194307015,500.500164448711,False,,,,,,,,,,,,,,,,,,,,,
240808_Run1_testing,gen_0,452,big_burst_fit,1912.2068885413103,1000.0,True,,,,,,,,,,,,,,,,,,,,,
240808_Run1_testing,gen_0,373,big_burst_fit,2725.8598960427717,1000.0,True,,,,,,,,,,,,,,,,,,,,,
240808_Run1_testing,gen_0,6,big_burst_fit,1523.0806267392495,710.8757751417488,False,,,,,,,,,,,,,,,,,,,,,
240808_Run1_testing,gen_0,291,big_burst_fit,2611.1860739756307,1000.0,True,,,,,,,,,,,,,,,,,,,,,
240808_Run1_testing,gen_0,473,big_burst_fit,2439.627524697386,1000.0,True,,,,,,,,,,,,,,,,,,,,,
240808_Run1_testing,gen_0,399,big_burst_fit,2163.125628727155,1000.0,False,,,,,,,,,,,,,,,,,,,,,
240808_Run1_testing,gen_0,502,big_burst_fit,3117.1584971607795,1000.0,True,,,,,,,,,,,,,,,,,,,,,
240808_Run1_testing,gen_0,213,big_burst_fit,3331.4524101611096,1000.0,True,,,,,,,,,,,,,,,,,,,,,
240808_Run1_testing,gen_0,408,big_burst_fit,2224.642997563339,1000.0,True,,,,,,,,,,,,,,,,,,,,,
240808_Run1_testing,gen_0,5,big_burst_fit,1518.783213543733,500.50013973433647,False,,,,,,,,,,,,,,,,,,,,,
240808_Run1_testing,gen_0,94,big_burst_fit,1455.34869365075,500.5002302034637,False,,,,,,,,,,,,,,,,,,,,,
240808_Run1_testing,gen_0,329,big_burst_fit,2844.4755883112102,1000.0,True,,,,,,,,,,,,,,,,,,,,,
240808_Run1_testing,gen_0,8,big_burst_fit,1357.0454481217116,250.96555239054246,False,,,,,,,,,,,,,,,,,,,,,
240808_Run1_testing,gen_0,385,big_burst_fit,3947.680862606944,1000.0,True,,,,,,,,,,,,,,,,,,,,,
240808_Run1_testing,gen_0,407,big_burst_fit,2565.877962402959,1000.0,True,,,,,,,,,,,,,,,,,,,,,
240808_Run1_testing,gen_0,414,big_burst_fit,3498.8015834110092,1000.0,True,,,,,,,,,,,,,,,,,,,,,
240808_Run1_testing,gen_0,156,big_burst_fit,2478.81240330557,1000.0,True,,,,,,,,,,,,,,,,,,,,,
240808_Run1_testing,gen_0,173,big_burst_fit,1977.018088675133,1000.0,True,,,,,,,,,,,,,,,,,,,,,
240808_Run1_testing,gen_0,257,big_burst_fit,2585.4892399746636,1000.0,True,,,,,,,,,,,,,,,,,,,,,
240808_Run1_testing,gen_0,161,big_burst_fit,1623.672884421115,500.5000098216524,False,,,,,,,,,,,,,,,,,,,,,
240808_Run1_testing,gen_0,50,big_burst_fit,2611.446108593756,1000.0,True,,,,,,,,,,,,,,,,,,,,,
240808_Run1_testing,gen_0,250,big_burst_fit,4589.212932180808,1000.0,True,,,,,,,,,,,,,,,,,,,,,
240808_Run1_testing,gen_0,51,big_burst_fit,2044.5807400746487,1000.0,True,,,,,,,,,,,,,,,,,,,,,
240808_Run1_testing,gen_0,154,big_burst_fit,2180.5489152236655,1000.0,True,,,,,,,,,,,,,,,,,,,,,
240808_Run1_testing,gen_0,396,big_burst_fit,2945.4766269503184,1000.0,True,,,,,,,,,,,,,,,,,,,,,
240808_Run1_testing,gen_0,341,big_burst_fit,3601.536955340633,1000.0,True,,,,,,,,,,,,,,,,,,,,,
240808_Run1_testing,gen_0,478,big_burst_fit,2636.6189706053333,1000.0,True,,,,,,,,,,,,,,,,,,,,,
240808_Run1_testing,gen_0,72,big_burst_fit,2194.16002658023,1000.0,True,,,,,,,,,,,,,,,,,,,,,
240808_Run1_testing,gen_0,188,big_burst_fit,2059.6368611465573,1000.0,True,,,,,,,,,,,,,,,,,,,,,
240808_Run1_testing,gen_0,21,big_burst_fit,2112.084109272406,1000.0,True,,,,,,,,,,,,,,,,,,,,,
240808_Run1_testing,gen_0,380,big_burst_fit,1835.8607080887698,500.5003124255274,False,,,,,,,,,,,,,,,,,,,,,
240808_Run1_testing,gen_0,120,big_burst_fit,2547.4047887238034,1000.0,True,,,,,,,,,,,,,,,,,,,,,
240808_Run1_testing,gen_0,232,big_burst_fit,2280.570714750718,1000.0,True,,,,,,,,,,,,,,,,,,,,,
240808_Run1_testing,gen_0,343,big_burst_fit,3007.8187406068682,1000.0,True,,,,,,,,,,,,,,,,,,,,,
240808_Run1_testing,gen_0,268,big_burst_fit,2164.2719694336893,1000.0,True,,,,,,,,,,,,,,,,,,,,,
240808_Run1_testing,gen_0,451,big_burst_fit,2870.45477871288,1000.0,True,,,,,,,,,,,,,,,,,,,,,
240808_Run1_testing,gen_0,247,big_burst_fit,4219.801437088941,1000.0,True,,,,,,,,,,,,,,,,,,,,,
240808_Run1_testing,gen_2,55,big_burst_fit,2350.286413562068,1000.0,True,,,,,,,,,,,,,,,,,,,,,
240808_Run1_testing,gen_2,31,big_burst_fit,1477.5359471375987,500.5001985585565,False,,,,,,,,,,,,,,,,,,,,,
240808_Run1_testing,gen_2,417,big_burst_fit,3196.310394687345,1000.0,True,,,,,,,,,,,,,,,,,,,,,
240808_Run1_testing,gen_2,67,big_burst_fit,2850.8510933263633,1000.0,True,,,,,,,,,,,,,,,,,,,,,
240808_Run1_testing,gen_2,76,big_burst_fit,1335.7880578281292,291.125939473048,False,,,,,,,,,,,,,,,,,,,,,
240808_Run1_testing,gen_2,85,big_burst_fit,4502.509434507174,1000.0,True,,,,,,,,,,,,,,,,,,,,,
240808_Run1_testing,gen_2,270,big_burst_fit,1716.2366087845692,1000.0,True,,,,,,,,,,,,,,,,,,,,,
240808_Run1_testing,gen_2,374,big_burst_fit,3449.107668026816,1000.0,True,,,,,,,,,,,,,,,,,,,,,
240808_Run1_testing,gen_2,0,big_burst_fit,1590.5944465714497,1000.0,True,,,,,,,,,,,,,,,,,,,,,
240808_Run1_testing,gen_2,466,big_burst_fit,4134.050792963041,1000.0,True,,,,,,,,,,,,,,,,,,,,,
240808_Run1_testing,gen_2,449,big_burst_fit,3009.96580964738,1000.0,True,,,,,,,,,,,,,,,,,,,,,
240808_Run1_testing,gen_2,190,big_burst_fit,1978.6530506362226,1000.0,False,,,,,,,,,,,,,,,,,,,,,
240808_Run1_testing,gen_2,289,big_burst_fit,3052.558233488842,1000.0,True,,,,,,,,,,,,,,,,,,,,,
240808_Run1_testing,gen_2,50,big_burst_fit,6804.215724983411,1000.0,True,,,,,,,,,,,,,,,,,,,,,
240808_Run1_testing,gen_2,268,big_burst_fit,1678.1344859763194,1000.0,True,,,,,,,,,,,,,,,,,,,,,
240808_Run1_testing,gen_2,282,big_burst_fit,3351.404231599814,1000.0,True,,,,,,,,,,,,,,,,,,,,,
240808_Run1_testing,gen_2,234,big_burst_fit,3179.8016273961207,1000.0,True,,,,,,,,,,,,,,,,,,,,,
240808_Run1_testing,gen_2,327,big_burst_fit,3248.023761847019,1000.0,True,,,,,,,,,,,,,,,,,,,,,
240808_Run1_testing,gen_2,54,big_burst_fit,2906.0304244437525,1000.0,True,,,,,,,,,,,,,,,,,,,,,
240808_Run1_testing,gen_2,440,big_burst_fit,3487.1976312041634,1000.0,True,,,,,,,,,,,,,,,,,,,,,
240808_Run1_testing,gen_2,144,big_burst_fit,7194.2065747592715,1000.0,True,,,,,,,,,,,,,,,,,,,,,
240808_Run1_testing,gen_2,22,big_burst_fit,1708.2619802304198,500.5001304333418,False,,,,,,,,,,,,,,,,,,,,,
240808_Run1_testing,gen_2,386,big_burst_fit,4600.353889651895,1000.0,True,,,,,,,,,,,,,,,,,,,,,
240808_Run1_testing,gen_2,17,big_burst_fit,4607.656271844224,1000.0,True,,,,,,,,,,,,,,,,,,,,,
240808_Run1_testing,gen_2,433,big_burst_fit,2384.087105218856,1000.0,True,,,,,,,,,,,,,,,,,,,,,
240808_Run1_testing,gen_2,311,big_burst_fit,2493.8969266132617,1000.0,False,,,,,,,,,,,,,,,,,,,,,
240808_Run1_testing,gen_2,196,big_burst_fit,4168.998547195702,1000.0,True,,,,,,,,,,,,,,,,,,,,,
240808_Run1_testing,gen_2,290,big_burst_fit,1624.0715966728205,500.5000103900896,False,,,,,,,,,,,,,,,,,,,,,
240808_Run1_testing,gen_2,119,big_burst_fit,1331.72840488869,500.50040655543324,False,,,,,,,,,,,,,,,,,,,,,
240808_Run1_testing,gen_2,329,big_burst_fit,2707.3257287928664,1000.0,True,,,,,,,,,,,,,,,,,,,,,
240808_Run1_testing,gen_2,411,big_burst_fit,5518.224231223765,1000.0,True,,,,,,,,,,,,,,,,,,,,,
240808_Run1_testing,gen_2,510,big_burst_fit,2560.270322254634,1000.0,True,,,,,,,,,,,,,,,,,,,,,
240808_Run1_testing,gen_2,153,big_burst_fit,1759.8455543101127,500.5002039982604,False,,,,,,,,,,,,,,,,,,,,,
240808_Run1_testing,gen_2,285,big_burst_fit,7396.1279390838135,1000.0,True,,,,,,,,,,,,,,,,,,,,,
240808_Run1_testing,gen_2,32,big_burst_fit,1716.903977191048,500.50014275720446,False,,,,,,,,,,,,,,,,,,,,,
240808_Run1_testing,gen_2,371,big_burst_fit,4739.937039049998,1000.0,True,,,,,,,,,,,,,,,,,,,,,
240808_Run1_testing,gen_2,479,big_burst_fit,2654.7205510669723,1000.0,True,,,,,,,,,,,,,,,,,,,,,
240808_Run1_testing,gen_2,166,big_burst_fit,2531.2407154033244,1000.0,True,,,,,,,,,,,,,,,,,,,,,
240808_Run1_testing,gen_2,508,big_burst_fit,1900.0206036540528,1000.0,True,,,,,,,,,,,,,,,,,,,,,
240808_Run1_testing,gen_2,399,big_burst_fit,6421.922012996336,1000.0,True,,,,,,,,,,,,,,,,,,,,,
240808_Run1_testing,gen_2,465,big_burst_fit,2844.855876406704,1000.0,True,,,,,,,,,,,,,,,,,,,,,
240808_Run1_testing,gen_2,220,big_burst_fit,9444.21572485107,1000.0,True,,,,,,,,,,,,,,,,,,,,,
240808_Run1_testing,gen_2,47,big_burst_fit,2855.252094388455,1000.0,True,,,,,,,,,,,,,,,,,,,,,
240808_Run1_testing,gen_2,473,big_burst_fit,2232.956972571951,1000.0,True,,,,,,,,,,,,,,,,,,,,,
240808_Run1_testing,gen_2,28,big_burst_fit,2094.609140026448,1000.0,False,,,,,,,,,,,,,,,,,,,,,
240808_Run1_testing,gen_2,283,big_burst_fit,2670.055190521895,1000.0,True,,,,,,,,,,,,,,,,,,,,,
240808_Run1_testing,gen_2,260,big_burst_fit,1313.5582411568407,500.5004324815331,False,,,,,,,,,,,,,,,,,,,,,
240808_Run1_testing,gen_2,339,big_burst_fit,3138.7713886706856,1000.0,True,,,,,,,,,,,,,,,,,,,,,
240808_Run1_testing,gen_2,427,big_burst_fit,3313.1043331210594,1000.0,True,,,,,,,,,,,,,,,,,,,,,
240808_Run1_testing,gen_2,5,big_burst_fit,5959.326487462022,1000.0,True,,,,,,,,,,,,,,,,,,,,,
240808_Run1_testing,gen_2,430,big_burst_fit,1782.6822452447132,500.500236569822,False,,,,,,,,,,,,,,,,,,,,,
240808_Run1_testing,gen_2,489,big_burst_fit,2663.0552110234707,1000.0,True,,,,,,,,,,,,,,,,,,,,,
240808_Run1_testing,gen_2,261,big_burst_fit,2455.1338607322614,1000.0,True,,,,,,,,,,,,,,,,,,,,,
240808_Run1_testing,gen_2,393,big_burst_fit,1608.3983164886092,337.0482866033408,False,,,,,,,,,,,,,,,,,,,,,
240808_Run1_testing,gen_2,157,big_burst_fit,2494.7503448844927,1000.0,False,,,,,,,,,,,,,,,,,,,,,
240808_Run1_testing,gen_2,340,big_burst_fit,2207.1740541215363,1000.0,True,,,,,,,,,,,,,,,,,,,,,
240808_Run1_testing,gen_2,495,big_burst_fit,2510.7005152165984,1000.0,True,,,,,,,,,,,,,,,,,,,,,
240808_Run1_testing,gen_2,263,big_burst_fit,1818.3050863396745,1000.0,True,,,,,,,,,,,,,,,,,,,,,
240808_Run1_testing,gen_2,217,big_burst_fit,4801.258626353517,1000.0,True,,,,,,,,,,,,,,,,,,,,,
240808_Run1_testing,gen_2,262,big_burst_fit,2718.154498815666,1000.0,True,,,,,,,,,,,,,,,,,,,,,
240808_Run1_testing,gen_2,171,big_burst_fit,4598.15335823824,1000.0,True,,,,,,,,,,,,,,,,,,,,,
240808_Run1_testing,gen_2,34,big_burst_fit,2119.467434158818,1000.0,False,,,,,,,,,,,,,,,,,,,,,
240808_Run1_testing,gen_2,99,big_burst_fit,2667.5176113412613,1000.0,True,,,,,,,,,,,,,,,,,,,,,
240808_Run1_testing,gen_2,476,big_burst_fit,2741.726101608524,1000.0,True,,,,,,,,,,,,,,,,,,,,,
240808_Run1_testing,gen_2,396,big_burst_fit,1642.1394818205915,500.5000361498396,False,,,,,,,,,,,,,,,,,,,,,
240808_Run1_testing,gen_2,52,big_burst_fit,3153.0268331116326,1000.0,True,,,,,,,,,,,,,,,,,,,,,
240808_Run1_testing,gen_2,63,big_burst_fit,4024.2938904485663,1000.0,True,,,,,,,,,,,,,,,,,,,,,
240808_Run1_testing,gen_2,395,big_burst_fit,2905.7040116532644,1000.0,True,,,,,,,,,,,,,,,,,,,,,
240808_Run1_testing,gen_2,211,big_burst_fit,1630.57572006882,500.50001966299726,False,,,,,,,,,,,,,,,,,,,,,
240808_Run1_testing,gen_2,504,big_burst_fit,2617.4681509271636,1000.0,True,,,,,,,,,,,,,,,,,,,,,
240808_Run1_testing,gen_2,141,big_burst_fit,3430.761904737477,1000.0,True,,,,,,,,,,,,,,,,,,,,,
240808_Run1_testing,gen_2,189,big_burst_fit,3675.3673296506295,1000.0,True,,,,,,,,,,,,,,,,,,,,,
240808_Run1_testing,gen_2,413,big_burst_fit,4003.4334719187987,1000.0,True,,,,,,,,,,,,,,,,,,,,,
240808_Run1_testing,gen_2,470,big_burst_fit,3113.6537100803093,1000.0,True,,,,,,,,,,,,,,,,,,,,,
240808_Run1_testing,gen_2,419,big_burst_fit,4314.269084290593,1000.0,True,,,,,,,,,,,,,,,,,,,,,
240808_Run1_testing,gen_2,448,big_burst_fit,2232.3891290285756,1000.0,True,,,,,,,,,,,,,,,,,,,,,
240808_Run1_testing,gen_2,186,big_burst_fit,3199.416352279885,1000.0,True,,,,,,,,,,,,,,,,,,,,,
240808_Run1_testing,gen_2,4,big_burst_fit,2486.09272638217,1000.0,True,,,,,,,,,,,,,,,,,,,,,
240808_Run1_testing,gen_2,222,big_burst_fit,2151.42033368856,1000.0,True,,,,,,,,,,,,,,,,,,,,,
240808_Run1_testing,gen_2,39,big_burst_fit,1768.0905437133551,500.5002157576959,False,,,,,,,,,,,,,,,,,,,,,
240808_Run1_testing,gen_5,509,big_burst_fit,1410.4763786315132,500.5002942094033,False,,,,,,,,,,,,,,,,,,,,,
240808_Run1_testing,gen_5,195,big_burst_fit,1807.7343301617511,1000.0,True,,,,,,,,,,,,,,,,,,,,,
240808_Run1_testing,gen_5,298,big_burst_fit,1884.198923533628,500.50038138690667,False,,,,,,,,,,,,,,,,,,,,,
240808_Run1_testing,gen_5,106,big_burst_fit,3479.273416894392,1000.0,True,,,,,,,,,,,,,,,,,,,,,
240808_Run1_testing,gen_5,146,big_burst_fit,1865.8848887157633,1000.0,True,,,,,,,,,,,,,,,,,,,,,
240808_Run1_testing,gen_5,73,big_burst_fit,1935.3161142953256,1000.0,True,,,,,,,,,,,,,,,,,,,,,
240808_Run1_testing,gen_5,303,big_burst_fit,1605.3410656575295,1000.0,True,,,,,,,,,,,,,,,,,,,,,
240808_Run1_testing,gen_5,299,big_burst_fit,5351.3257610987175,1000.0,True,,,,,,,,,,,,,,,,,,,,,
240808_Run1_testing,gen_5,123,big_burst_fit,3310.795744428291,1000.0,True,,,,,,,,,,,,,,,,,,,,,
240808_Run1_testing,gen_5,425,big_burst_fit,3465.7575173976084,1000.0,True,,,,,,,,,,,,,,,,,,,,,
240808_Run1_testing,gen_5,498,big_burst_fit,1374.9570490068425,1000.0,True,,,,,,,,,,,,,,,,,,,,,
240808_Run1_testing,gen_5,83,big_burst_fit,1802.1763459089645,1000.0,True,,,,,,,,,,,,,,,,,,,,,
240808_Run1_testing,gen_5,149,big_burst_fit,8038.726854854917,1000.0,True,,,,,,,,,,,,,,,,,,,,,
240808_Run1_testing,gen_5,11,big_burst_fit,5837.966624920291,1000.0,True,,,,,,,,,,,,,,,,,,,,,
240808_Run1_testing,gen_5,44,big_burst_fit,2334.2108745346573,1000.0,True,,,,,,,,,,,,,,,,,,,,,
240808_Run1_testing,gen_5,226,big_burst_fit,1398.4273969709552,500.50031139748415,False,,,,,,,,,,,,,,,,,,,,,
240808_Run1_testing,gen_5,191,big_burst_fit,2217.4017321727442,1000.0,False,,,,,,,,,,,,,,,,,,,,,
240808_Run1_testing,gen_5,254,big_burst_fit,4605.0656069902425,1000.0,True,,,,,,,,,,,,,,,,,,,,,
240808_Run1_testing,gen_5,20,big_burst_fit,1823.0576652507063,500.5002941617473,False,,,,,,,,,,,,,,,,,,,,,
240808_Run1_testing,gen_5,77,big_burst_fit,5727.108424965093,1000.0,True,,,,,,,,,,,,,,,,,,,,,
240808_Run1_testing,gen_5,57,big_burst_fit,2699.3866959591514,1000.0,True,,,,,,,,,,,,,,,,,,,,,
240808_Run1_testing,gen_5,241,big_burst_fit,6417.550574611375,1000.0,True,,,,,,,,,,,,,,,,,,,,,
240808_Run1_testing,gen_5,307,big_burst_fit,4289.38678656205,1000.0,True,,,,,,,,,,,,,,,,,,,,,
240808_Run1_testing,gen_5,407,big_burst_fit,3504.426749724454,1000.0,True,,,,,,,,,,,,,,,,,,,,,
240808_Run1_testing,gen_5,132,big_burst_fit,4305.427106867928,1000.0,True,,,,,,,,,,,,,,,,,,,,,
240808_Run1_testing,gen_5,364,big_burst_fit,1699.8445970173163,500.50011843007997,False,,,,,,,,,,,,,,,,,,,,,
240808_Run1_testing,gen_5,268,big_burst_fit,3236.357229618552,1000.0,True,,,,,,,,,,,,,,,,,,,,,
240808_Run1_testing,gen_5,471,big_burst_fit,1999.4789532424786,1000.0,True,,,,,,,,,,,,,,,,,,,,,
240808_Run1_testing,gen_5,355,big_burst_fit,4130.978848287829,1000.0,True,,,,,,,,,,,,,,,,,,,,,
240808_Run1_testing,gen_5,402,big_burst_fit,5623.646982567802,1000.0,True,,,,,,,,,,,,,,,,,,,,,
240808_Run1_testing,gen_5,155,big_burst_fit,5203.149171784889,1000.0,True,,,,,,,,,,,,,,,,,,,,,
240808_Run1_testing,gen_5,483,big_burst_fit,5546.805584731299,1000.0,True,,,,,,,,,,,,,,,,,,,,,
240808_Run1_testing,gen_5,60,big_burst_fit,1781.601934648639,1000.0,True,,,,,,,,,,,,,,,,,,,,,
240808_Run1_testing,gen_5,433,big_burst_fit,3812.2005409269436,1000.0,True,,,,,,,,,,,,,,,,,,,,,
240808_Run1_testing,gen_5,4,big_burst_fit,3838.6335693247393,1000.0,True,,,,,,,,,,,,,,,,,,,,,
240808_Run1_testing,gen_5,282,big_burst_fit,6488.669714593591,1000.0,True,,,,,,,,,,,,,,,,,,,,,
240808_Run1_testing,gen_5,142,big_burst_fit,2665.1946420520794,1000.0,True,,,,,,,,,,,,,,,,,,,,,
240808_Run1_testing,gen_5,367,big_burst_fit,2767.554892405391,1000.0,True,,,,,,,,,,,,,,,,,,,,,
240808_Run1_testing,gen_5,246,big_burst_fit,2548.7959852292934,1000.0,True,,,,,,,,,,,,,,,,,,,,,
240808_Run1_testing,gen_5,86,big_burst_fit,3165.7238463670183,1000.0,True,,,,,,,,,,,,,,,,,,,,,
240808_Run1_testing,gen_5,242,big_burst_fit,3692.9555127893955,1000.0,True,,,,,,,,,,,,,,,,,,,,,
240808_Run1_testing,gen_5,198,big_burst_fit,8127.182508798613,1000.0,True,,,,,,,,,,,,,,,,,,,,,
240808_Run1_testing,gen_5,37,big_burst_fit,2852.443506978169,1000.0,True,,,,,,,,,,,,,,,,,,,,,
240808_Run1_testing,gen_5,458,big_burst_fit,2008.2429720945509,1000.0,True,,,,,,,,,,,,,,,,,,,,,
240808_Run1_testing,gen_5,18,big_burst_fit,2451.950408455106,1000.0,True,,,,,,,,,,,,,,,,,,,,,
240808_Run1_testing,gen_5,452,big_burst_fit,4400.943410656739,1000.0,True,,,,,,,,,,,,,,,,,,,,,
240808_Run1_testing,gen_5,21,big_burst_fit,2178.504803461077,1000.0,True,,,,,,,,,,,,,,,,,,,,,
240808_Run1_testing,gen_5,6,big_burst_fit,4953.2602336547425,1000.0,True,,,,,,,,,,,,,,,,,,,,,
240808_Run1_testing,gen_5,201,big_burst_fit,3093.658519543334,1000.0,True,,,,,,,,,,,,,,,,,,,,,
240808_Run1_testing,gen_5,313,big_burst_fit,2305.4013450411694,1000.0,True,,,,,,,,,,,,,,,,,,,,,
240808_Run1_testing,gen_5,436,big_burst_fit,4700.232118433531,1000.0,True,,,,,,,,,,,,,,,,,,,,,
240808_Run1_testing,gen_5,420,big_burst_fit,7113.586339460323,1000.0,True,,,,,,,,,,,,,,,,,,,,,
240808_Run1_testing,gen_5,324,big_burst_fit,2588.4675967984313,1000.0,True,,,,,,,,,,,,,,,,,,,,,
240808_Run1_testing,gen_5,214,big_burst_fit,4446.088010896324,1000.0,True,,,,,,,,,,,,,,,,,,,,,
240808_Run1_testing,gen_5,182,big_burst_fit,2579.9897038584263,1000.0,False,,,,,,,,,,,,,,,,,,,,,
240808_Run1_testing,gen_5,428,big_burst_fit,4222.603306317454,1000.0,True,,,,,,,,,,,,,,,,,,,,,
240808_Run1_testing,gen_5,287,big_burst_fit,2421.806739425807,1000.0,True,,,,,,,,,,,,,,,,,,,,,
240808_Run1_testing,gen_5,185,big_burst_fit,5252.450258558412,1000.0,True,,,,,,,,,,,,,,,,,,,,,
240808_Run1_testing,gen_5,24,big_burst_fit,3814.9348428917074,1000.0,True,,,,,,,,,,,,,,,,,,,,,
240808_Run1_testing,gen_5,166,big_burst_fit,1639.7509296679175,562.200446692924,False,,,,,,,,,,,,,,,,,,,,,
240808_Run1_testing,gen_5,278,big_burst_fit,2906.6040660142253,1000.0,True,,,,,,,,,,,,,,,,,,,,,
240808_Run1_testing,gen_5,300,big_burst_fit,1923.8198196286066,1000.0,True,,,,,,,,,,,,,,,,,,,,,
240808_Run1_testing,gen_5,228,big_burst_fit,1617.0976896536758,1000.0,True,,,,,,,,,,,,,,,,,,,,,
240808_Run1_testing,gen_5,283,big_burst_fit,4085.7236818844935,1000.0,True,,,,,,,,,,,,,,,,,,,,,
240808_Run1_testing,gen_5,381,big_burst_fit,3907.3204075023637,1000.0,True,,,,,,,,,,,,,,,,,,,,,
240808_Run1_testing,gen_5,121,big_burst_fit,2842.8345082183887,1000.0,True,,,,,,,,,,,,,,,,,,,,,
